{"train_loss": [0.6577369313123612, 0.6154599268326775, 0.5526528147200716, 0.47425318731550586, 0.4511379034895646, 0.4295770747789335, 0.41762016049814543, 0.40968801186456677, 0.3973283979700831, 0.38588685312715965, 0.38099282301322945, 0.35650492993688176, 0.34496201609070126], "train_acc": [59.43029907816344, 64.7582772623529, 71.54459495509381, 77.58692237009811, 79.23051842191066, 80.58215016154371, 81.43581231289089, 81.80632539941311, 82.33838219165901, 83.22316744227406, 83.62480362806414, 85.00607641461896, 85.54554346859531], "val_loss": [0.6245359628850764, 0.6464114444906062, 0.5916170191764831, 0.46265472917394207, 0.35928841306065973, 0.3550748679973185, 0.37637386517768556, 0.2898190974579616, 0.39559220872819423, 0.3808359013531696, 0.3353424051200802, 0.33436901284466414, 0.4262095594516193], "val_acc": [63.29762989972653, 62.30628988149498, 74.54421148587056, 78.71467639015496, 83.94484958979034, 83.70556061987237, 81.70009115770283, 88.09252506836827, 81.83682771194167, 83.32953509571558, 85.06153144940747, 85.88195077484048, 80.57201458523245]}