{"train_loss": [0.2420191119185213, 0.1670300408501413, 0.14889793077703686, 0.1439661552107042, 0.13324742799252978, 0.12983081885999898, 0.1334725306229158, 0.1258053489524766, 0.12074204544404733, 0.12078070364848986, 0.11562955293441417], "train_acc": [91.30035272845836, 95.00400154133445, 95.48418650146724, 95.87544832083469, 96.26967424489433, 96.29042297773957, 96.30820760589263, 96.56608471411211, 96.78691051367935, 96.90843880605863, 96.94252601001867], "val_loss": [0.09705439618026668, 0.10071949570185759, 0.10394872073422778, 0.07581383723130619, 0.08585542753169483, 0.07563240916171873, 0.07736815079030665, 0.08789122865789316, 0.09563942005265165, 0.08477734523317353, 0.08622265795753761], "val_acc": [96.77529626253418, 97.345031905196, 96.5587967183227, 97.56153144940747, 97.21969006381039, 97.52734731084777, 97.48176845943482, 96.82087511394712, 97.04876937101184, 97.18550592525068, 97.0031905195989]}